trend_id,trend_name,trend_description,trend_date,trend_category,trend_start_date,trend_end_date,trend_impact,trend_source,trend_analysis_date
674,incentivize innovative mindshare,Us determine on particularly like action bit.,2024-07-13,Business,2024-05-09,2024-07-08,Medium,Hayden PLC,2024-07-14
218,aggregate extensible e-commerce,To wait also.,2024-06-16,Technology,2024-03-17,2024-07-20,Medium,"Clark, Martinez and Sanford",2024-02-23
411,reinvent customized methodologies,Yourself ability degree including shoulder nature young main.,2024-02-22,Technology,2024-01-02,2024-07-03,Low,Holder Group,2024-06-24
961,transition cross-platform web-readiness,Approach agreement about chance.,2024-02-28,Business,2024-05-27,2024-02-04,Low,Fischer-Montgomery,2024-01-27
846,grow integrated technologies,Act she garden rich student board will.,2024-03-19,Technology,2024-06-06,2024-06-14,Medium,Joseph LLC,2024-07-04
780,cultivate viral experiences,Entire professional language work group.,2024-04-12,Lifestyle,2024-05-23,2024-01-15,Low,"Rosales, Johnson and Garcia",2024-06-19
739,harness out-of-the-box relationships,Factor space clear lay rest south.,2024-06-15,Lifestyle,2024-02-14,2024-05-23,High,Byrd-Woods,2024-07-13
62,grow back-end applications,Toward military everyone.,2024-04-04,Lifestyle,2024-07-03,2024-08-12,Medium,Turner-Sparks,2024-02-05
406,aggregate best-of-breed e-tailers,Move hour design maybe.,2024-02-06,Business,2024-02-24,2024-04-12,High,Sanchez LLC,2024-03-16
436,re-contextualize open-source niches,His exactly end hold history across.,2024-07-27,Lifestyle,2024-06-21,2024-03-19,High,Fischer-Price,2024-03-09
884,generate transparent infrastructures,Community natural charge recently.,2024-06-26,Technology,2024-03-10,2024-05-09,Low,Lucero-Johnson,2024-01-15
929,synthesize bricks-and-clicks e-business,Affect question suggest score forget.,2024-05-05,Lifestyle,2024-05-10,2024-04-14,High,"Lewis, Thompson and Jones",2024-06-09
437,embrace cutting-edge communities,War deal Congress successful.,2024-02-14,Lifestyle,2024-01-01,2024-01-26,Low,"Cain, Smith and Hunter",2024-08-08
430,embrace efficient web services,Beat build enough.,2024-07-16,Lifestyle,2024-06-15,2024-03-30,High,Henderson Group,2024-08-12
866,revolutionize magnetic networks,Bit free off put.,2024-01-23,Lifestyle,2024-03-25,2024-06-25,Low,"Schwartz, Smith and Butler",2024-08-07
509,leverage extensible experiences,Goal draw project government speak notice ball.,2024-04-24,Business,2024-05-01,2024-04-18,High,Monroe-Weber,2024-01-22
704,revolutionize intuitive eyeballs,Quality director lay.,2024-01-29,Business,2024-03-18,2024-06-26,Medium,"Rodriguez, Anderson and Johnson",2024-07-30
774,seize transparent convergence,During suggest manage property hold.,2024-03-30,Business,2024-02-27,2024-05-16,Low,"Curtis, Molina and Davis",2024-05-24
574,expedite holistic metrics,Thought measure make church from.,2024-06-06,Lifestyle,2024-06-23,2024-07-28,High,Pham Inc,2024-04-02
972,re-contextualize next-generation schemas,Similar director share today race glass.,2024-04-03,Business,2024-05-16,2024-05-06,High,Graves-Marsh,2024-06-24
663,visualize cross-platform platforms,Write into last value dinner age.,2024-04-09,Business,2024-01-08,2024-07-10,Medium,Smith PLC,2024-08-01
447,target value-added deliverables,Into stop run spend teacher perhaps number.,2024-04-07,Lifestyle,2024-06-11,2024-04-24,Low,Mcdonald Ltd,2024-05-20
325,incubate extensible platforms,Him place wonder long hospital wide.,2024-05-22,Technology,2024-03-22,2024-06-11,Low,Austin and Sons,2024-06-07
328,reinvent sticky niches,East become stuff.,2024-01-11,Lifestyle,2024-04-19,2024-06-29,High,"Hoover, Cooper and Wilson",2024-04-24
380,engage enterprise mindshare,Interesting include husband water likely more.,2024-02-13,Technology,2024-03-24,2024-02-15,Medium,Brooks-Grimes,2024-04-05
840,repurpose magnetic users,Yourself office toward purpose practice skin.,2024-05-24,Technology,2024-01-17,2024-04-18,Low,Perez-Campbell,2024-07-22
305,streamline sticky e-services,Father reduce opportunity beautiful.,2024-03-07,Technology,2024-01-30,2024-01-27,Medium,Cline and Sons,2024-01-08
745,scale scalable models,Pick finish great fly week actually.,2024-03-08,Lifestyle,2024-01-26,2024-04-16,High,Stewart Inc,2024-01-16
783,orchestrate cross-platform users,Message identify under space.,2024-04-23,Technology,2024-04-03,2024-08-09,High,"Jensen, Barnett and Reyes",2024-08-10
34,brand value-added synergies,Sister whom notice.,2024-06-17,Lifestyle,2024-03-11,2024-06-06,Medium,Diaz Ltd,2024-07-29
637,embrace 24/365 applications,Response decade high Democrat talk certainly in.,2024-07-05,Lifestyle,2024-02-28,2024-06-12,Low,Davidson-Soto,2024-03-14
536,target back-end info-mediaries,Enough difficult center environment season laugh throw view.,2024-06-03,Business,2024-03-22,2024-02-26,Low,Jackson Group,2024-01-06
497,aggregate cutting-edge web-readiness,Strategy society low candidate change particularly.,2024-07-12,Technology,2024-02-01,2024-03-19,Low,Roth-Torres,2024-05-13
766,architect distributed bandwidth,Friend live year.,2024-07-19,Lifestyle,2024-03-19,2024-04-30,High,Burke-Watkins,2024-04-01
897,mesh killer models,Away interest ready government its tend weight win.,2024-04-18,Business,2024-06-12,2024-04-27,Low,Rodriguez-Pruitt,2024-07-18
133,cultivate intuitive info-mediaries,Area tax morning tough.,2024-07-13,Lifestyle,2024-05-30,2024-06-25,High,"Hernandez, Parker and Cohen",2024-03-09
744,enhance holistic experiences,Still in my job.,2024-07-29,Lifestyle,2024-03-27,2024-04-01,Medium,Patterson Inc,2024-07-15
607,redefine cutting-edge niches,Especially election throw nature born down whom final.,2024-06-02,Business,2024-03-20,2024-03-19,Medium,Mathis-Scott,2024-03-02
661,transition seamless e-commerce,Those figure pull present believe summer.,2024-02-11,Lifestyle,2024-07-28,2024-08-11,High,"Webster, Rodriguez and Powell",2024-05-08
912,productize enterprise portals,Television her sign as.,2024-01-17,Lifestyle,2024-07-11,2024-06-03,Low,"Ewing, Harris and Wright",2024-06-22
15,iterate strategic mindshare,Baby reduce its pull.,2024-04-26,Lifestyle,2024-04-10,2024-03-08,High,Bowers Group,2024-08-01
410,iterate holistic niches,Garden seat late remember.,2024-07-21,Lifestyle,2024-05-29,2024-04-13,Medium,"Key, Lyons and Freeman",2024-05-15
758,innovate real-time technologies,Budget write authority mother factor different result prevent.,2024-06-05,Business,2024-01-09,2024-04-16,Low,Phillips-Meza,2024-02-17
573,envisioneer virtual niches,Fund TV smile walk food view citizen.,2024-03-07,Business,2024-01-04,2024-04-14,Medium,Robinson-James,2024-06-10
167,redefine enterprise functionalities,Research page wide camera turn.,2024-02-13,Technology,2024-01-24,2024-04-25,High,"Perez, Lopez and Best",2024-03-02
271,deploy back-end supply-chains,Measure huge specific another cold clear dark.,2024-04-02,Lifestyle,2024-04-16,2024-08-01,Medium,"Evans, Bennett and Frederick",2024-06-13
837,matrix extensible e-services,General anyone she evidence front.,2024-08-05,Technology,2024-05-17,2024-03-11,Low,Vega-Harmon,2024-01-17
667,transform holistic mindshare,View power hair nature.,2024-03-03,Lifestyle,2024-06-11,2024-02-11,Medium,Jones and Sons,2024-06-04
709,harness visionary metrics,Article stage table use hard rate some.,2024-05-09,Business,2024-04-20,2024-05-18,Medium,Ellis Group,2024-03-27
21,synthesize magnetic e-tailers,Follow man current goal.,2024-04-23,Lifestyle,2024-03-24,2024-05-24,Low,"Sanford, Long and Lang",2024-05-11
767,e-enable impactful methodologies,Less executive herself listen remember.,2024-06-28,Business,2024-07-30,2024-06-12,High,Crane LLC,2024-06-15
189,expedite killer web services,Notice most strong whether start sometimes.,2024-06-13,Technology,2024-07-23,2024-03-07,Medium,Terry and Sons,2024-07-12
103,innovate mission-critical ROI,Age exist charge road personal your.,2024-06-13,Technology,2024-01-03,2024-07-12,Medium,"Shannon, Garcia and English",2024-06-11
292,strategize e-business channels,Operation speech fund will guess change gun.,2024-08-08,Lifestyle,2024-01-19,2024-06-07,Medium,Gregory-Powers,2024-01-03
997,drive 24/365 users,Generation ask final single white particularly.,2024-03-03,Business,2024-04-09,2024-02-12,High,Sanders Ltd,2024-03-10
93,visualize collaborative infrastructures,Officer room most call.,2024-07-23,Business,2024-06-07,2024-07-25,High,"Garcia, Butler and Vaughn",2024-01-15
577,benchmark cross-media paradigms,Reveal smile rest really.,2024-03-20,Lifestyle,2024-02-03,2024-07-17,Low,Goodwin-Harris,2024-01-16
353,brand efficient synergies,Value seven west star do need.,2024-08-11,Technology,2024-07-24,2024-08-04,Medium,Jordan Inc,2024-05-22
81,streamline real-time content,My important you involve sea.,2024-04-16,Technology,2024-07-25,2024-03-25,Medium,Whitney-Long,2024-02-27
145,streamline dynamic info-mediaries,Rock note south raise person west.,2024-01-17,Technology,2024-03-03,2024-04-05,Low,Yang LLC,2024-02-14
408,seize ubiquitous e-markets,Republican make our structure put.,2024-05-29,Lifestyle,2024-02-27,2024-01-16,High,Griffin PLC,2024-07-23
500,grow open-source infrastructures,Movement by rich agent yeah bank.,2024-06-05,Lifestyle,2024-08-08,2024-04-21,Low,Davis-Dickson,2024-07-06
587,morph open-source ROI,Lay raise gun dark wide room.,2024-06-21,Business,2024-01-23,2024-02-13,Medium,"Gilbert, Whitaker and Jackson",2024-08-10
880,incentivize frictionless metrics,Serious exist cultural college chance up gas.,2024-07-23,Technology,2024-02-03,2024-04-18,Medium,Jensen-Carter,2024-03-31
134,synergize customized channels,Cell put most nature.,2024-01-13,Business,2024-07-26,2024-02-11,Low,Williams Ltd,2024-03-14
853,architect synergistic supply-chains,Push general save carry.,2024-05-25,Business,2024-06-11,2024-05-04,High,Johnson-Herrera,2024-02-01
452,disintermediate turn-key solutions,Cover rule appear bring trouble.,2024-06-04,Technology,2024-05-21,2024-02-02,Low,"Rodriguez, Nelson and Copeland",2024-07-23
424,deliver rich methodologies,Plan range but character.,2024-05-27,Lifestyle,2024-02-12,2024-04-19,Low,"Blevins, Young and Hernandez",2024-07-06
43,seize 24/7 web services,Sell treat improve.,2024-01-14,Lifestyle,2024-06-18,2024-04-26,Medium,Washington-Hernandez,2024-02-06
807,engineer e-business platforms,Article music near national easy six son black.,2024-07-29,Business,2024-07-29,2024-06-29,Medium,Rios-Gordon,2024-05-12
798,disintermediate plug-and-play markets,Out book black since foreign.,2024-06-29,Business,2024-04-06,2024-02-07,High,King Ltd,2024-02-17
582,mesh leading-edge partnerships,High audience focus phone road expert dog.,2024-03-23,Lifestyle,2024-07-31,2024-01-17,High,Yates Ltd,2024-06-02
318,productize 24/365 supply-chains,Describe follow unit drive.,2024-01-05,Business,2024-02-10,2024-06-03,Medium,Bartlett-Taylor,2024-01-23
763,revolutionize holistic web-readiness,Not impact paper skin.,2024-07-23,Technology,2024-03-11,2024-01-12,High,Baker and Sons,2024-01-13
287,utilize viral paradigms,Method born consumer story soldier role box.,2024-02-26,Technology,2024-02-11,2024-03-07,High,Thomas Inc,2024-05-22
95,deploy granular initiatives,Shoulder direction however join bill him over.,2024-02-17,Lifestyle,2024-06-03,2024-06-13,Low,"Kelly, Wright and Mata",2024-01-28
488,mesh compelling e-services,How well remain provide new impact.,2024-01-24,Technology,2024-01-22,2024-07-14,High,"Dorsey, Payne and Hart",2024-01-13
289,matrix ubiquitous info-mediaries,Capital management piece rule for.,2024-06-14,Business,2024-05-20,2024-05-02,High,"Scott, Shaw and Krause",2024-03-25
935,empower out-of-the-box e-tailers,Usually front vote either huge establish its call.,2024-03-09,Business,2024-05-03,2024-03-26,Low,Bailey LLC,2024-02-06
925,incentivize impactful content,Mother somebody production positive it.,2024-02-16,Technology,2024-07-02,2024-04-09,Low,Mckee-Wallace,2024-05-04
404,engage viral deliverables,Nature with image energy work window.,2024-08-03,Business,2024-05-19,2024-03-04,Low,Johnston Group,2024-06-06
188,revolutionize efficient supply-chains,Experience treat quality possible exist.,2024-05-13,Technology,2024-07-19,2024-06-21,High,Simmons-Edwards,2024-02-10
316,engineer bricks-and-clicks platforms,Too decide positive leave live good manage.,2024-05-21,Technology,2024-06-28,2024-04-01,Medium,"Vaughn, Parker and Fisher",2024-06-01
166,morph e-business partnerships,Book talk number Mrs me expert team.,2024-02-05,Business,2024-08-02,2024-02-27,High,Jones and Sons,2024-08-12
589,enable web-enabled synergies,Suffer agency clearly pull two its indeed find.,2024-03-31,Technology,2024-06-09,2024-06-30,Low,Byrd Inc,2024-03-01
454,envisioneer cutting-edge schemas,Worry in maybe mind parent us.,2024-01-11,Technology,2024-05-06,2024-03-13,Medium,Nelson-Evans,2024-04-02
201,empower bleeding-edge paradigms,Put write art view baby.,2024-03-03,Business,2024-01-19,2024-05-25,High,Hart-Johnson,2024-06-26
465,optimize web-enabled e-services,Consider question eye news subject media happen.,2024-04-02,Business,2024-05-11,2024-05-17,Low,"Cooper, Alvarado and Bailey",2024-03-01
176,drive seamless applications,Traditional enter these stock well training bag.,2024-02-11,Technology,2024-02-11,2024-08-10,Low,Arnold-Trujillo,2024-01-10
662,brand integrated supply-chains,Magazine event style third professor win day support.,2024-06-02,Business,2024-08-02,2024-05-04,High,Valentine PLC,2024-02-28
645,scale rich bandwidth,Move under effort history campaign.,2024-03-17,Business,2024-06-25,2024-06-14,Medium,Taylor Group,2024-07-05
603,enable strategic e-markets,Choice save own else.,2024-05-12,Technology,2024-01-26,2024-06-13,Medium,Brown PLC,2024-05-15
922,incentivize next-generation communities,Mind national black try attention when.,2024-07-03,Lifestyle,2024-05-03,2024-07-31,Low,"Harper, Roberts and Diaz",2024-05-18
602,generate visionary networks,All whom forward miss energy.,2024-01-09,Lifestyle,2024-07-30,2024-01-05,High,Harding Inc,2024-03-21
743,engage intuitive deliverables,Fear community meet parent industry charge.,2024-07-06,Business,2024-04-13,2024-01-09,High,Estes-Jordan,2024-04-12
124,mesh dynamic eyeballs,Carry maybe what pull fast.,2024-01-30,Business,2024-05-14,2024-05-17,High,Bradley-Gomez,2024-05-16
357,enhance global e-business,Foot machine individual item beyond magazine.,2024-06-19,Technology,2024-04-23,2024-04-19,High,Andersen Ltd,2024-02-03
414,maximize strategic portals,Activity contain behavior child open.,2024-01-07,Business,2024-03-21,2024-07-29,High,Morris Group,2024-06-29
608,benchmark interactive e-services,Themselves act difference arm professor though.,2024-06-30,Lifestyle,2024-06-28,2024-02-10,Medium,Brown and Sons,2024-07-24
204,redefine interactive platforms,Music reach item.,2024-01-01,Lifestyle,2024-03-09,2024-02-06,High,Jones LLC,2024-05-24
275,orchestrate visionary markets,Town that decade.,2024-01-01,Business,2024-08-03,2024-03-26,High,Allison-Dillon,2024-02-09
426,deliver mission-critical systems,Unit factor local site would present.,2024-06-20,Business,2024-06-29,2024-06-30,Medium,Becker PLC,2024-01-20
864,grow cross-media eyeballs,Television alone area fast matter window such husband.,2024-01-01,Lifestyle,2024-07-30,2024-03-12,High,"Poole, Stevens and Morris",2024-07-11
534,scale wireless functionalities,Decade here oil apply.,2024-04-24,Lifestyle,2024-07-23,2024-04-05,Low,Klein-Mclaughlin,2024-06-20
740,brand collaborative channels,Mission program seek receive travel trouble people.,2024-03-11,Business,2024-05-18,2024-08-13,High,Holt-Owens,2024-03-05
154,innovate cross-media metrics,Condition upon ready certainly rich thus want term.,2024-01-23,Technology,2024-05-29,2024-06-18,High,"Miller, Osborne and Garcia",2024-06-20
809,evolve one-to-one systems,Animal anything meeting concern mouth.,2024-05-05,Business,2024-04-16,2024-02-02,High,Jackson-Figueroa,2024-08-10
444,aggregate cutting-edge e-business,Painting past painting kid low.,2024-08-06,Lifestyle,2024-04-27,2024-07-25,High,Jones-Saunders,2024-02-13
4,incubate global convergence,Office scientist may color anyone field.,2024-07-31,Lifestyle,2024-02-11,2024-04-11,Low,"Morales, Ortiz and Hunter",2024-01-20
716,harness customized niches,Grow suffer series similar surface thousand under himself.,2024-05-16,Technology,2024-05-09,2024-01-28,High,Gutierrez Group,2024-05-05
113,optimize open-source info-mediaries,Specific sort risk identify miss responsibility black start.,2024-06-19,Lifestyle,2024-01-18,2024-07-29,Medium,Nelson Ltd,2024-05-29
164,integrate end-to-end web-readiness,Investment interview behind degree feel blue far.,2024-07-18,Business,2024-04-03,2024-07-02,Low,Newman-Hernandez,2024-03-18
936,orchestrate e-business web-readiness,Whole look campaign player establish admit.,2024-06-15,Lifestyle,2024-06-08,2024-03-23,Low,"Scott, Brown and Barr",2024-02-27
861,re-intermediate leading-edge technologies,Face perform return make meeting head American.,2024-07-20,Technology,2024-07-10,2024-06-17,Low,Potts and Sons,2024-08-02
529,benchmark magnetic systems,Shake force month seven end.,2024-02-01,Business,2024-03-16,2024-04-05,High,"Lopez, White and Lindsey",2024-01-05
948,streamline global ROI,Republican project maybe office.,2024-05-23,Lifestyle,2024-03-07,2024-04-21,Medium,Walters Ltd,2024-08-05
456,maximize efficient interfaces,Consumer theory task course reflect area minute.,2024-06-01,Lifestyle,2024-04-21,2024-03-17,High,Hughes PLC,2024-07-04
506,engage cutting-edge e-tailers,Offer surface theory feel ever.,2024-07-11,Technology,2024-02-07,2024-06-19,High,Nichols-Hernandez,2024-02-16
407,deploy next-generation synergies,Employee address high suffer eight skill board goal.,2024-02-29,Lifestyle,2024-06-01,2024-02-05,High,Spencer and Sons,2024-06-18
960,engage value-added relationships,Create explain consider.,2024-03-30,Technology,2024-02-07,2024-08-13,Low,"Santana, Anthony and Williams",2024-02-24
494,strategize cutting-edge web-readiness,Book shoulder first three threat senior growth.,2024-04-04,Lifestyle,2024-07-13,2024-02-22,Medium,"Ellis, Miller and Cisneros",2024-04-05
321,streamline best-of-breed bandwidth,Identify military real audience.,2024-04-08,Business,2024-05-25,2024-02-06,Low,Edwards Ltd,2024-04-21
235,utilize dot-com mindshare,Themselves their group.,2024-03-28,Lifestyle,2024-01-26,2024-01-27,High,Jones LLC,2024-06-18
42,re-intermediate out-of-the-box e-markets,Candidate strategy unit.,2024-07-09,Business,2024-07-07,2024-05-22,Medium,Walker LLC,2024-02-10
552,enable impactful applications,Low none friend director.,2024-03-15,Technology,2024-02-19,2024-02-13,Medium,"Garza, Underwood and Lee",2024-05-28
385,brand front-end metrics,Couple machine process build.,2024-01-18,Technology,2024-04-11,2024-01-07,Medium,Simpson-Evans,2024-08-02
400,monetize wireless portals,Nice federal firm investment thank miss.,2024-01-20,Technology,2024-05-27,2024-05-11,Low,"West, Gray and Schmidt",2024-05-01
876,evolve robust metrics,Work month country agree middle enough race.,2024-04-10,Business,2024-07-31,2024-01-30,Medium,Johnson LLC,2024-04-12
330,deliver strategic e-commerce,Learn land think similar.,2024-03-06,Technology,2024-03-04,2024-03-17,High,King Inc,2024-04-02
697,e-enable killer applications,Which law learn according state sense.,2024-07-23,Technology,2024-06-02,2024-02-28,High,Oneal Inc,2024-07-03
962,enhance ubiquitous schemas,Professional suddenly key matter evidence matter end.,2024-01-12,Business,2024-02-20,2024-04-20,Medium,Moore LLC,2024-04-20
0,repurpose cross-media relationships,Culture all service member military drive color break.,2024-01-01,Lifestyle,2024-06-28,2024-06-08,Medium,Doyle-Norris,2024-01-25
378,drive dot-com deliverables,Citizen stand sort father.,2024-07-27,Lifestyle,2024-08-11,2024-04-04,Medium,Johnson-House,2024-04-18
499,expedite distributed interfaces,Nature use short dream.,2024-04-17,Lifestyle,2024-04-12,2024-03-15,Medium,"Mccoy, Walker and Costa",2024-04-22
208,innovate dot-com paradigms,Reveal open over they process arm.,2024-03-31,Business,2024-02-27,2024-03-27,Medium,Morris-Hobbs,2024-02-08
977,grow B2C schemas,Center wall onto.,2024-04-17,Lifestyle,2024-03-17,2024-01-28,Medium,Sullivan-Cunningham,2024-04-29
272,incubate customized interfaces,Rest would environmental generation environment develop conference watch.,2024-02-28,Technology,2024-02-28,2024-02-07,High,Lester LLC,2024-08-08
477,enhance integrated eyeballs,Range hundred question development base.,2024-04-27,Lifestyle,2024-08-03,2024-05-26,Low,Mcdaniel and Sons,2024-02-07
68,maximize seamless architectures,Herself director amount would play none surface.,2024-01-20,Business,2024-02-22,2024-08-02,Medium,Phillips-Schneider,2024-07-24
913,e-enable e-business action-items,Administration wonder manage mention.,2024-07-10,Technology,2024-07-30,2024-08-03,High,Nichols and Sons,2024-08-13
751,syndicate web-enabled paradigms,Central hour per participant letter trade herself.,2024-01-20,Lifestyle,2024-06-10,2024-02-14,Medium,Barrett-Dean,2024-05-23
173,disintermediate extensible initiatives,Still born economy.,2024-01-26,Lifestyle,2024-07-24,2024-07-10,Medium,"Daniel, Morrow and Daniels",2024-01-15
955,evolve cross-media platforms,Popular report much individual level.,2024-07-20,Technology,2024-02-06,2024-08-04,Medium,Welch PLC,2024-07-21
54,cultivate out-of-the-box solutions,Spring tree suggest push citizen write.,2024-01-23,Business,2024-07-06,2024-03-28,Low,Moran-Weaver,2024-04-17
131,embrace real-time metrics,Theory wife same various painting paper.,2024-07-31,Business,2024-03-09,2024-06-29,Medium,Stewart-Shah,2024-06-20
369,productize turn-key models,Model hotel election situation business personal table same.,2024-04-09,Technology,2024-07-07,2024-03-07,High,Kennedy-Wu,2024-08-10
860,productize B2C experiences,How town again consumer its.,2024-04-21,Business,2024-03-04,2024-03-21,High,"Daniels, Mcbride and Davis",2024-02-03
171,drive plug-and-play convergence,New Republican chance political beat benefit.,2024-05-04,Technology,2024-02-17,2024-08-01,High,Mills-Keller,2024-05-13
355,reinvent wireless platforms,Hour left effort.,2024-07-06,Business,2024-05-02,2024-03-14,High,Campbell-Montoya,2024-02-11
947,generate scalable markets,Financial once claim successful where join trip cover.,2024-02-24,Technology,2024-02-06,2024-01-25,Low,Scott-Coffey,2024-01-29
889,transition clicks-and-mortar communities,Road brother should.,2024-06-20,Business,2024-01-24,2024-03-11,Medium,Edwards Inc,2024-07-02
24,repurpose cutting-edge niches,Environment opportunity free job follow kitchen to.,2024-04-22,Business,2024-08-09,2024-01-03,High,Brown-Smith,2024-07-11
781,morph front-end markets,Use age buy couple number.,2024-02-21,Lifestyle,2024-06-27,2024-02-06,Medium,"Durham, Jackson and Norris",2024-03-07
596,scale killer models,Have notice kitchen produce.,2024-08-02,Business,2024-06-19,2024-07-22,Medium,Pittman Ltd,2024-06-01
773,engineer distributed e-services,Brother medical think respond town.,2024-06-19,Business,2024-02-15,2024-05-12,Medium,Boyd Group,2024-06-02
927,iterate killer content,Left who down fight growth himself.,2024-04-30,Technology,2024-07-06,2024-04-25,Medium,Weaver-Brown,2024-03-27
5,reinvent wireless interfaces,List owner two foreign heavy where.,2024-06-21,Technology,2024-08-04,2024-05-21,Medium,Small Group,2024-04-06
928,aggregate strategic portals,Second thank collection art three.,2024-07-22,Business,2024-03-22,2024-02-03,High,Mack-Fleming,2024-02-01
50,enable robust users,Management history Democrat give central image.,2024-08-09,Technology,2024-07-30,2024-02-03,High,"Hoffman, Perez and Howell",2024-07-29
281,envisioneer bricks-and-clicks synergies,Full industry wrong how color.,2024-05-29,Business,2024-08-08,2024-06-01,Low,Jenkins-Peterson,2024-03-07
236,exploit efficient info-mediaries,Commercial director until law.,2024-07-23,Lifestyle,2024-06-30,2024-03-01,Low,Dickerson-Johnson,2024-05-06
545,synthesize web-enabled platforms,Something himself law office pressure home community.,2024-03-20,Business,2024-05-12,2024-06-27,Medium,Rodriguez-Maynard,2024-05-16
832,harness end-to-end technologies,Majority opportunity arrive eat.,2024-01-21,Lifestyle,2024-05-12,2024-05-22,High,"Delgado, Manning and Noble",2024-08-12
757,drive interactive convergence,Glass vote most son movie.,2024-04-15,Technology,2024-02-06,2024-06-08,Medium,Mahoney-Smith,2024-05-21
464,e-enable extensible solutions,Expect analysis building open take consider soldier huge.,2024-03-09,Business,2024-03-13,2024-02-02,Low,Oconnor-Baker,2024-01-27
883,benchmark web-enabled eyeballs,I these experience man yeah.,2024-04-09,Technology,2024-03-05,2024-01-04,High,Cox LLC,2024-08-09
504,synergize customized mindshare,Outside lose mouth likely consumer marriage.,2024-08-06,Technology,2024-04-07,2024-07-30,Low,Ward-Rivera,2024-04-04
449,grow robust experiences,Particularly there director develop different western.,2024-06-17,Lifestyle,2024-03-21,2024-05-14,High,Evans Group,2024-07-12
654,syndicate rich partnerships,Plan once of charge finally contain film.,2024-06-23,Business,2024-04-17,2024-06-14,High,"Smith, Gould and Lee",2024-01-01
827,streamline open-source eyeballs,Next late night every blue president.,2024-02-09,Lifestyle,2024-08-07,2024-06-20,Medium,Walker Group,2024-06-26
778,architect frictionless info-mediaries,Range teacher speak.,2024-06-07,Lifestyle,2024-05-07,2024-05-04,Medium,Lewis-Larson,2024-04-12
9,reinvent e-business e-business,Side campaign must marriage should.,2024-05-25,Technology,2024-04-09,2024-05-07,High,"Thompson, Kemp and Martinez",2024-04-24
958,seize strategic eyeballs,Writer heart eat grow rule little.,2024-03-27,Lifestyle,2024-05-30,2024-04-25,Low,Bush Inc,2024-07-19
345,orchestrate global channels,Worry three lot deal do.,2024-05-22,Lifestyle,2024-08-06,2024-05-15,High,Cunningham Inc,2024-07-26
336,engineer sticky interfaces,At west need continue feeling recently cold since.,2024-04-20,Business,2024-06-17,2024-07-29,Medium,"Brennan, Richardson and Davis",2024-05-26
160,e-enable wireless users,See car hospital fill read majority.,2024-06-12,Business,2024-08-08,2024-05-06,Low,Arnold Group,2024-05-21
847,synthesize interactive convergence,Few way blood hair against follow especially.,2024-06-01,Business,2024-03-23,2024-02-17,High,Warren-Ball,2024-03-09
270,target transparent experiences,Yard plan number agree rather.,2024-07-20,Technology,2024-06-24,2024-01-26,Low,"Cole, West and Mcgrath",2024-04-26
966,visualize dynamic functionalities,Recently foot page those north difference.,2024-06-28,Technology,2024-05-03,2024-06-25,High,Hunt-Alvarez,2024-03-30
719,aggregate frictionless convergence,Get morning above reason city concern.,2024-06-18,Business,2024-03-19,2024-02-29,High,Powell and Sons,2024-07-10
460,generate open-source networks,Although citizen power prepare serious.,2024-05-30,Technology,2024-07-29,2024-04-20,Low,Taylor-Vaughn,2024-01-06
467,syndicate revolutionary experiences,Seven because much.,2024-02-15,Lifestyle,2024-05-30,2024-06-15,Medium,Phillips Inc,2024-07-26
104,innovate viral models,Two energy spring be admit attack necessary.,2024-08-03,Lifestyle,2024-05-14,2024-01-18,Low,Powell Inc,2024-06-19
367,syndicate real-time content,Of morning opportunity available themselves player figure.,2024-08-13,Technology,2024-05-21,2024-03-05,Low,Wilson Ltd,2024-01-20
461,utilize back-end e-markets,Despite school someone seat will.,2024-05-16,Lifestyle,2024-01-12,2024-04-26,Low,Burke-Martin,2024-03-12
626,re-contextualize vertical deliverables,Friend actually admit less economy eye against.,2024-02-10,Technology,2024-03-28,2024-05-05,Medium,Weber-White,2024-06-24
26,leverage cutting-edge technologies,Indicate smile up table likely quite.,2024-03-12,Lifestyle,2024-06-17,2024-04-05,High,Arellano LLC,2024-06-15
156,matrix holistic e-markets,Article American condition far side PM today.,2024-01-26,Lifestyle,2024-04-11,2024-07-11,Low,Ferguson PLC,2024-03-31
470,engineer 24/7 metrics,Government either care campaign.,2024-05-26,Technology,2024-04-21,2024-01-30,High,Stone-Crane,2024-01-24
987,drive robust models,Throw student land before better.,2024-02-27,Technology,2024-07-14,2024-03-21,Low,Glover LLC,2024-06-18
831,enhance customized models,Artist can modern would name degree.,2024-01-25,Business,2024-05-27,2024-08-03,Medium,Parker and Sons,2024-04-22
388,transform customized applications,Picture I television thought investment country information four.,2024-05-12,Lifestyle,2024-05-11,2024-03-04,Low,Jackson Inc,2024-07-20
918,utilize bricks-and-clicks architectures,Article identify ready seem city.,2024-04-19,Technology,2024-05-31,2024-02-09,Low,Ferguson-Brown,2024-05-02
329,generate frictionless portals,Operation authority section feel notice put.,2024-04-30,Technology,2024-02-21,2024-05-18,Medium,"Mcmillan, Davis and Wood",2024-01-12
146,optimize frictionless eyeballs,Example Mr themselves west exist hour gas.,2024-04-29,Business,2024-04-18,2024-02-15,High,Jordan-Peck,2024-06-07
425,utilize wireless e-markets,Discussion build room security audience everything.,2024-08-01,Business,2024-05-21,2024-04-30,High,Mckay Inc,2024-05-06
455,morph vertical architectures,Soldier million then live left whom money.,2024-03-19,Lifestyle,2024-04-29,2024-03-14,High,Tanner Inc,2024-05-20
165,enhance front-end partnerships,Chance pattern number blue role own security.,2024-02-18,Technology,2024-05-30,2024-03-14,Medium,Gonzales Inc,2024-06-25
984,transition cutting-edge e-tailers,Already debate race.,2024-04-18,Business,2024-03-01,2024-05-01,Medium,"Garcia, Gilbert and Jones",2024-01-08
14,strategize granular communities,Loss assume explain beat thing several hundred.,2024-02-24,Business,2024-07-30,2024-06-11,High,Fox and Sons,2024-07-29
